method,representation_state,task,target,metric,value,note
diagnostic_full_seed42,,calibra,,n_patients,2530.0,partition=test
diagnostic_full_seed42,,calibra,,n_confound_columns,99.0,cancer+tss_pooled
diagnostic_full_seed42,,calibra,,n_distinct_sites_kept,75.0,min_site_count=10
diagnostic_full_seed42,full_biology,calibra,,effective_rank,47.25778175996386,n_draws=40;k=16
diagnostic_full_seed42,full_biology,calibra,,unadjusted_top_cca,0.9362591969632081,n_draws=40;k=16
diagnostic_full_seed42,full_biology,calibra,,adjusted_top_cca,0.8908062772911867,n_draws=40;k=16
diagnostic_full_seed42,full_biology,calibra,,detection_floor,0.4,n_draws=40;k=16
diagnostic_full_seed42,full_biology,calibra,,transmission_floor,0.01,n_draws=40;k=16
diagnostic_full_seed42,full_biology,calibra,,attenuation_slope,0.9636908629328291,n_draws=40;k=16
diagnostic_full_seed42,full_biology,calibra,,null_reference_p90,0.18544883850024108,n_draws=40;k=16
diagnostic_full_seed42,full_biology,calibra,,observed_above_floor,0.0,n_draws=40;k=16
diagnostic_full_seed42,full_biology,calibra,,baseline_recovered_median,0.13247552877427743,n_draws=40;k=16
diagnostic_full_seed42,full_biology,calibra,,baseline_is_null_like,1.0,n_draws=40;k=16
diagnostic_full_seed42,full_biology,calibra,,baseline_null_scale,0.059643207936565815,n_draws=40;k=16
diagnostic_full_seed42,full_biology,calibra,,observed_matched_direction,-0.052803592359396606,n_draws=40;k=16
diagnostic_full_seed42,full_biology,calibra,,permutation_null_median,0.15311275880481845,n_draws=40;k=16
diagnostic_full_seed42,full_biology,calibra,,permutation_null_p95,0.1713511685646375,n_draws=40;k=16
diagnostic_full_seed42,full_biology,calibra,,excess_over_null_median,0.7376935184863682,n_draws=40;k=16
diagnostic_full_seed42,full_biology,calibra,,permutation_p,0.0004997501249375312,n_draws=40;k=16
diagnostic_full_seed42,full_biology,calibra,,heldout_top_cca,0.8757311199727019,n_draws=40;k=16
diagnostic_full_seed42,full_biology,calibra_recovery,r_true=0,recovered_median,-0.000823683312902811,spike_recovery_curve
diagnostic_full_seed42,full_biology,calibra_recovery,r_true=0.01,recovered_median,0.008578240979501706,spike_recovery_curve
diagnostic_full_seed42,full_biology,calibra_recovery,r_true=0.02,recovered_median,0.01803047279283454,spike_recovery_curve
diagnostic_full_seed42,full_biology,calibra_recovery,r_true=0.03,recovered_median,0.028659986233461575,spike_recovery_curve
diagnostic_full_seed42,full_biology,calibra_recovery,r_true=0.05,recovered_median,0.04991787481999296,spike_recovery_curve
diagnostic_full_seed42,full_biology,calibra_recovery,r_true=0.075,recovered_median,0.07510211148306839,spike_recovery_curve
diagnostic_full_seed42,full_biology,calibra_recovery,r_true=0.1,recovered_median,0.09807341635322349,spike_recovery_curve
diagnostic_full_seed42,full_biology,calibra_recovery,r_true=0.15,recovered_median,0.14407268307495988,spike_recovery_curve
diagnostic_full_seed42,full_biology,calibra_recovery,r_true=0.2,recovered_median,0.1901903245936285,spike_recovery_curve
diagnostic_full_seed42,full_biology,calibra_recovery,r_true=0.3,recovered_median,0.2855356906706288,spike_recovery_curve
diagnostic_full_seed42,full_biology,calibra_recovery,r_true=0.4,recovered_median,0.3843853138273311,spike_recovery_curve
diagnostic_full_seed42,full_biology,calibra_recovery,r_true=0.5,recovered_median,0.4772504977683929,spike_recovery_curve
diagnostic_full_seed42,full_biology,calibra_recovery,r_true=0.6,recovered_median,0.5835462979711787,spike_recovery_curve
diagnostic_full_seed42,full_identity,calibra,,effective_rank,176.300696218808,n_draws=40;k=16
diagnostic_full_seed42,full_identity,calibra,,unadjusted_top_cca,0.939472935538771,n_draws=40;k=16
diagnostic_full_seed42,full_identity,calibra,,adjusted_top_cca,0.796092134677891,n_draws=40;k=16
diagnostic_full_seed42,full_identity,calibra,,detection_floor,0.3,n_draws=40;k=16
diagnostic_full_seed42,full_identity,calibra,,transmission_floor,0.01,n_draws=40;k=16
diagnostic_full_seed42,full_identity,calibra,,attenuation_slope,1.0328934218381975,n_draws=40;k=16
diagnostic_full_seed42,full_identity,calibra,,null_reference_p90,0.1858313016881241,n_draws=40;k=16
diagnostic_full_seed42,full_identity,calibra,,observed_above_floor,0.0,n_draws=40;k=16
diagnostic_full_seed42,full_identity,calibra,,baseline_recovered_median,0.08163553073043123,n_draws=40;k=16
diagnostic_full_seed42,full_identity,calibra,,baseline_is_null_like,1.0,n_draws=40;k=16
diagnostic_full_seed42,full_identity,calibra,,baseline_null_scale,0.059643207936565815,n_draws=40;k=16
diagnostic_full_seed42,full_identity,calibra,,observed_matched_direction,0.013587904765545437,n_draws=40;k=16
diagnostic_full_seed42,full_identity,calibra,,permutation_null_median,0.15606985269887272,n_draws=40;k=16
diagnostic_full_seed42,full_identity,calibra,,permutation_null_p95,0.17552792599824213,n_draws=40;k=16
diagnostic_full_seed42,full_identity,calibra,,excess_over_null_median,0.6400222819790182,n_draws=40;k=16
diagnostic_full_seed42,full_identity,calibra,,permutation_p,0.0004997501249375312,n_draws=40;k=16
diagnostic_full_seed42,full_identity,calibra,,heldout_top_cca,0.7791687681190057,n_draws=40;k=16
diagnostic_full_seed42,full_identity,calibra_recovery,r_true=0,recovered_median,0.004853893821392992,spike_recovery_curve
diagnostic_full_seed42,full_identity,calibra_recovery,r_true=0.01,recovered_median,0.016614280897038244,spike_recovery_curve
diagnostic_full_seed42,full_identity,calibra_recovery,r_true=0.02,recovered_median,0.029312149850404326,spike_recovery_curve
diagnostic_full_seed42,full_identity,calibra_recovery,r_true=0.03,recovered_median,0.042003377021238214,spike_recovery_curve
diagnostic_full_seed42,full_identity,calibra_recovery,r_true=0.05,recovered_median,0.06711825536395166,spike_recovery_curve
diagnostic_full_seed42,full_identity,calibra_recovery,r_true=0.075,recovered_median,0.09769519287118797,spike_recovery_curve
diagnostic_full_seed42,full_identity,calibra_recovery,r_true=0.1,recovered_median,0.12427936466519088,spike_recovery_curve
diagnostic_full_seed42,full_identity,calibra_recovery,r_true=0.15,recovered_median,0.1767917666598256,spike_recovery_curve
diagnostic_full_seed42,full_identity,calibra_recovery,r_true=0.2,recovered_median,0.22697267045356329,spike_recovery_curve
diagnostic_full_seed42,full_identity,calibra_recovery,r_true=0.3,recovered_median,0.32469585569917814,spike_recovery_curve
diagnostic_full_seed42,full_identity,calibra_recovery,r_true=0.4,recovered_median,0.41896320969119516,spike_recovery_curve
diagnostic_full_seed42,full_identity,calibra_recovery,r_true=0.5,recovered_median,0.5293269591448071,spike_recovery_curve
diagnostic_full_seed42,full_identity,calibra_recovery,r_true=0.6,recovered_median,0.6319891679678598,spike_recovery_curve
diagnostic_full_seed42,full_patient,calibra,,effective_rank,60.548600346852645,n_draws=40;k=16
diagnostic_full_seed42,full_patient,calibra,,unadjusted_top_cca,0.8968883417397617,n_draws=40;k=16
diagnostic_full_seed42,full_patient,calibra,,adjusted_top_cca,0.8468131941738601,n_draws=40;k=16
diagnostic_full_seed42,full_patient,calibra,,detection_floor,0.3,n_draws=40;k=16
diagnostic_full_seed42,full_patient,calibra,,transmission_floor,0.01,n_draws=40;k=16
diagnostic_full_seed42,full_patient,calibra,,attenuation_slope,1.0112662348748036,n_draws=40;k=16
diagnostic_full_seed42,full_patient,calibra,,null_reference_p90,0.19119432371359146,n_draws=40;k=16
diagnostic_full_seed42,full_patient,calibra,,observed_above_floor,0.0,n_draws=40;k=16
diagnostic_full_seed42,full_patient,calibra,,baseline_recovered_median,0.08076828283832792,n_draws=40;k=16
diagnostic_full_seed42,full_patient,calibra,,baseline_is_null_like,1.0,n_draws=40;k=16
diagnostic_full_seed42,full_patient,calibra,,baseline_null_scale,0.059643207936565815,n_draws=40;k=16
diagnostic_full_seed42,full_patient,calibra,,observed_matched_direction,-0.009566388521375074,n_draws=40;k=16
diagnostic_full_seed42,full_patient,calibra,,permutation_null_median,0.15341621729756122,n_draws=40;k=16
diagnostic_full_seed42,full_patient,calibra,,permutation_null_p95,0.1717594426883984,n_draws=40;k=16
diagnostic_full_seed42,full_patient,calibra,,excess_over_null_median,0.6933969768762989,n_draws=40;k=16
diagnostic_full_seed42,full_patient,calibra,,permutation_p,0.0004997501249375312,n_draws=40;k=16
diagnostic_full_seed42,full_patient,calibra,,heldout_top_cca,0.8234943400751387,n_draws=40;k=16
diagnostic_full_seed42,full_patient,calibra_recovery,r_true=0,recovered_median,0.02504142780687061,spike_recovery_curve
diagnostic_full_seed42,full_patient,calibra_recovery,r_true=0.01,recovered_median,0.0369485299145392,spike_recovery_curve
diagnostic_full_seed42,full_patient,calibra_recovery,r_true=0.02,recovered_median,0.05005788860796842,spike_recovery_curve
diagnostic_full_seed42,full_patient,calibra_recovery,r_true=0.03,recovered_median,0.06290244981170914,spike_recovery_curve
diagnostic_full_seed42,full_patient,calibra_recovery,r_true=0.05,recovered_median,0.08369968249683561,spike_recovery_curve
diagnostic_full_seed42,full_patient,calibra_recovery,r_true=0.075,recovered_median,0.10967570294396654,spike_recovery_curve
diagnostic_full_seed42,full_patient,calibra_recovery,r_true=0.1,recovered_median,0.1376979951501845,spike_recovery_curve
diagnostic_full_seed42,full_patient,calibra_recovery,r_true=0.15,recovered_median,0.19293222190083065,spike_recovery_curve
diagnostic_full_seed42,full_patient,calibra_recovery,r_true=0.2,recovered_median,0.24446259356860528,spike_recovery_curve
diagnostic_full_seed42,full_patient,calibra_recovery,r_true=0.3,recovered_median,0.3429999601521314,spike_recovery_curve
diagnostic_full_seed42,full_patient,calibra_recovery,r_true=0.4,recovered_median,0.4400258297085002,spike_recovery_curve
diagnostic_full_seed42,full_patient,calibra_recovery,r_true=0.5,recovered_median,0.5412823987105284,spike_recovery_curve
diagnostic_full_seed42,full_patient,calibra_recovery,r_true=0.6,recovered_median,0.6284245592331874,spike_recovery_curve
diagnostic_full_seed42,rna_biology,calibra,,effective_rank,32.583767009997516,n_draws=40;k=16
diagnostic_full_seed42,rna_biology,calibra,,unadjusted_top_cca,0.9469596609874849,n_draws=40;k=16
diagnostic_full_seed42,rna_biology,calibra,,adjusted_top_cca,0.9050543762369033,n_draws=40;k=16
diagnostic_full_seed42,rna_biology,calibra,,detection_floor,0.5,n_draws=40;k=16
diagnostic_full_seed42,rna_biology,calibra,,transmission_floor,0.01,n_draws=40;k=16
diagnostic_full_seed42,rna_biology,calibra,,attenuation_slope,0.9444003615868027,n_draws=40;k=16
diagnostic_full_seed42,rna_biology,calibra,,null_reference_p90,0.25048473928154985,n_draws=40;k=16
diagnostic_full_seed42,rna_biology,calibra,,observed_above_floor,0.0,n_draws=40;k=16
diagnostic_full_seed42,rna_biology,calibra,,baseline_recovered_median,0.14025389266264204,n_draws=40;k=16
diagnostic_full_seed42,rna_biology,calibra,,baseline_is_null_like,1.0,n_draws=40;k=16
diagnostic_full_seed42,rna_biology,calibra,,baseline_null_scale,0.059643207936565815,n_draws=40;k=16
diagnostic_full_seed42,rna_biology,calibra,,observed_matched_direction,-0.05593624694664512,n_draws=40;k=16
diagnostic_full_seed42,rna_biology,calibra,,permutation_null_median,0.1540425083674815,n_draws=40;k=16
diagnostic_full_seed42,rna_biology,calibra,,permutation_null_p95,0.17357594911378646,n_draws=40;k=16
diagnostic_full_seed42,rna_biology,calibra,,excess_over_null_median,0.7510118678694218,n_draws=40;k=16
diagnostic_full_seed42,rna_biology,calibra,,permutation_p,0.0004997501249375312,n_draws=40;k=16
diagnostic_full_seed42,rna_biology,calibra,,heldout_top_cca,0.8983137532737492,n_draws=40;k=16
diagnostic_full_seed42,rna_biology,calibra_recovery,r_true=0,recovered_median,0.012247825142900718,spike_recovery_curve
diagnostic_full_seed42,rna_biology,calibra_recovery,r_true=0.01,recovered_median,0.022648575915457055,spike_recovery_curve
diagnostic_full_seed42,rna_biology,calibra_recovery,r_true=0.02,recovered_median,0.03203831408238959,spike_recovery_curve
diagnostic_full_seed42,rna_biology,calibra_recovery,r_true=0.03,recovered_median,0.041398213341748716,spike_recovery_curve
diagnostic_full_seed42,rna_biology,calibra_recovery,r_true=0.05,recovered_median,0.06011228701806841,spike_recovery_curve
diagnostic_full_seed42,rna_biology,calibra_recovery,r_true=0.075,recovered_median,0.08349694139214606,spike_recovery_curve
diagnostic_full_seed42,rna_biology,calibra_recovery,r_true=0.1,recovered_median,0.106876745738327,spike_recovery_curve
diagnostic_full_seed42,rna_biology,calibra_recovery,r_true=0.15,recovered_median,0.15363900092432894,spike_recovery_curve
diagnostic_full_seed42,rna_biology,calibra_recovery,r_true=0.2,recovered_median,0.20293625307232854,spike_recovery_curve
diagnostic_full_seed42,rna_biology,calibra_recovery,r_true=0.3,recovered_median,0.29704616153221497,spike_recovery_curve
diagnostic_full_seed42,rna_biology,calibra_recovery,r_true=0.4,recovered_median,0.38250558795318634,spike_recovery_curve
diagnostic_full_seed42,rna_biology,calibra_recovery,r_true=0.5,recovered_median,0.48073965563726473,spike_recovery_curve
diagnostic_full_seed42,rna_biology,calibra_recovery,r_true=0.6,recovered_median,0.5865380903382236,spike_recovery_curve
diagnostic_full_seed42,rna_identity,calibra,,effective_rank,141.63574359892897,n_draws=40;k=16
diagnostic_full_seed42,rna_identity,calibra,,unadjusted_top_cca,0.9500615902473765,n_draws=40;k=16
diagnostic_full_seed42,rna_identity,calibra,,adjusted_top_cca,0.8444630749197768,n_draws=40;k=16
diagnostic_full_seed42,rna_identity,calibra,,detection_floor,0.4,n_draws=40;k=16
diagnostic_full_seed42,rna_identity,calibra,,transmission_floor,0.01,n_draws=40;k=16
diagnostic_full_seed42,rna_identity,calibra,,attenuation_slope,1.0475085663994192,n_draws=40;k=16
diagnostic_full_seed42,rna_identity,calibra,,null_reference_p90,0.20860003345801706,n_draws=40;k=16
diagnostic_full_seed42,rna_identity,calibra,,observed_above_floor,0.0,n_draws=40;k=16
diagnostic_full_seed42,rna_identity,calibra,,baseline_recovered_median,0.08844395070402447,n_draws=40;k=16
diagnostic_full_seed42,rna_identity,calibra,,baseline_is_null_like,1.0,n_draws=40;k=16
diagnostic_full_seed42,rna_identity,calibra,,baseline_null_scale,0.059643207936565815,n_draws=40;k=16
diagnostic_full_seed42,rna_identity,calibra,,observed_matched_direction,0.024332082700605728,n_draws=40;k=16
diagnostic_full_seed42,rna_identity,calibra,,permutation_null_median,0.15637666916194276,n_draws=40;k=16
diagnostic_full_seed42,rna_identity,calibra,,permutation_null_p95,0.17581906000588354,n_draws=40;k=16
diagnostic_full_seed42,rna_identity,calibra,,excess_over_null_median,0.688086405757834,n_draws=40;k=16
diagnostic_full_seed42,rna_identity,calibra,,permutation_p,0.0004997501249375312,n_draws=40;k=16
diagnostic_full_seed42,rna_identity,calibra,,heldout_top_cca,0.8459706162250147,n_draws=40;k=16
diagnostic_full_seed42,rna_identity,calibra_recovery,r_true=0,recovered_median,-0.019581767542248496,spike_recovery_curve
diagnostic_full_seed42,rna_identity,calibra_recovery,r_true=0.01,recovered_median,-0.012372519709383072,spike_recovery_curve
diagnostic_full_seed42,rna_identity,calibra_recovery,r_true=0.02,recovered_median,-0.00524023158253929,spike_recovery_curve
diagnostic_full_seed42,rna_identity,calibra_recovery,r_true=0.03,recovered_median,0.0031813594469037145,spike_recovery_curve
diagnostic_full_seed42,rna_identity,calibra_recovery,r_true=0.05,recovered_median,0.020046031543787327,spike_recovery_curve
diagnostic_full_seed42,rna_identity,calibra_recovery,r_true=0.075,recovered_median,0.040302306540230884,spike_recovery_curve
diagnostic_full_seed42,rna_identity,calibra_recovery,r_true=0.1,recovered_median,0.06470397307455117,spike_recovery_curve
diagnostic_full_seed42,rna_identity,calibra_recovery,r_true=0.15,recovered_median,0.1248118582399139,spike_recovery_curve
diagnostic_full_seed42,rna_identity,calibra_recovery,r_true=0.2,recovered_median,0.18425041226772174,spike_recovery_curve
diagnostic_full_seed42,rna_identity,calibra_recovery,r_true=0.3,recovered_median,0.2917387407169959,spike_recovery_curve
diagnostic_full_seed42,rna_identity,calibra_recovery,r_true=0.4,recovered_median,0.3995006700394427,spike_recovery_curve
diagnostic_full_seed42,rna_identity,calibra_recovery,r_true=0.5,recovered_median,0.4937191611754979,spike_recovery_curve
diagnostic_full_seed42,rna_identity,calibra_recovery,r_true=0.6,recovered_median,0.5955889017356012,spike_recovery_curve
diagnostic_full_seed42,wsi_biology,calibra,,effective_rank,38.483394849435676,n_draws=40;k=16
diagnostic_full_seed42,wsi_biology,calibra,,unadjusted_top_cca,0.798323809005436,n_draws=40;k=16
diagnostic_full_seed42,wsi_biology,calibra,,adjusted_top_cca,0.5200125135380185,n_draws=40;k=16
diagnostic_full_seed42,wsi_biology,calibra,,detection_floor,0.2,n_draws=40;k=16
diagnostic_full_seed42,wsi_biology,calibra,,transmission_floor,0.01,n_draws=40;k=16
diagnostic_full_seed42,wsi_biology,calibra,,attenuation_slope,1.0864464561137863,n_draws=40;k=16
diagnostic_full_seed42,wsi_biology,calibra,,null_reference_p90,0.1212990138335787,n_draws=40;k=16
diagnostic_full_seed42,wsi_biology,calibra,,observed_above_floor,0.0,n_draws=40;k=16
diagnostic_full_seed42,wsi_biology,calibra,,baseline_recovered_median,0.06670619719643478,n_draws=40;k=16
diagnostic_full_seed42,wsi_biology,calibra,,baseline_is_null_like,1.0,n_draws=40;k=16
diagnostic_full_seed42,wsi_biology,calibra,,baseline_null_scale,0.059643207936565815,n_draws=40;k=16
diagnostic_full_seed42,wsi_biology,calibra,,observed_matched_direction,-0.009120943242389901,n_draws=40;k=16
diagnostic_full_seed42,wsi_biology,calibra,,permutation_null_median,0.15237563507808694,n_draws=40;k=16
diagnostic_full_seed42,wsi_biology,calibra,,permutation_null_p95,0.17168864636405745,n_draws=40;k=16
diagnostic_full_seed42,wsi_biology,calibra,,excess_over_null_median,0.36763687845993154,n_draws=40;k=16
diagnostic_full_seed42,wsi_biology,calibra,,permutation_p,0.0004997501249375312,n_draws=40;k=16
diagnostic_full_seed42,wsi_biology,calibra,,heldout_top_cca,0.4767867515863167,n_draws=40;k=16
diagnostic_full_seed42,wsi_biology,calibra_recovery,r_true=0,recovered_median,0.0043139120550945665,spike_recovery_curve
diagnostic_full_seed42,wsi_biology,calibra_recovery,r_true=0.01,recovered_median,0.015080961747002877,spike_recovery_curve
diagnostic_full_seed42,wsi_biology,calibra_recovery,r_true=0.02,recovered_median,0.026207613952801356,spike_recovery_curve
diagnostic_full_seed42,wsi_biology,calibra_recovery,r_true=0.03,recovered_median,0.037150510612372525,spike_recovery_curve
diagnostic_full_seed42,wsi_biology,calibra_recovery,r_true=0.05,recovered_median,0.059025045830356074,spike_recovery_curve
diagnostic_full_seed42,wsi_biology,calibra_recovery,r_true=0.075,recovered_median,0.08634023134143598,spike_recovery_curve
diagnostic_full_seed42,wsi_biology,calibra_recovery,r_true=0.1,recovered_median,0.11361466802597606,spike_recovery_curve
diagnostic_full_seed42,wsi_biology,calibra_recovery,r_true=0.15,recovered_median,0.1680004528194222,spike_recovery_curve
diagnostic_full_seed42,wsi_biology,calibra_recovery,r_true=0.2,recovered_median,0.2252040112702599,spike_recovery_curve
diagnostic_full_seed42,wsi_biology,calibra_recovery,r_true=0.3,recovered_median,0.3398944069335867,spike_recovery_curve
diagnostic_full_seed42,wsi_biology,calibra_recovery,r_true=0.4,recovered_median,0.4456435083764383,spike_recovery_curve
diagnostic_full_seed42,wsi_biology,calibra_recovery,r_true=0.5,recovered_median,0.5514257600741124,spike_recovery_curve
diagnostic_full_seed42,wsi_biology,calibra_recovery,r_true=0.6,recovered_median,0.6476098013346145,spike_recovery_curve
diagnostic_full_seed42,wsi_identity,calibra,,effective_rank,191.0723820209697,n_draws=40;k=16
diagnostic_full_seed42,wsi_identity,calibra,,unadjusted_top_cca,0.8477144733089539,n_draws=40;k=16
diagnostic_full_seed42,wsi_identity,calibra,,adjusted_top_cca,0.5978927093307413,n_draws=40;k=16
diagnostic_full_seed42,wsi_identity,calibra,,detection_floor,0.3,n_draws=40;k=16
diagnostic_full_seed42,wsi_identity,calibra,,transmission_floor,0.01,n_draws=40;k=16
diagnostic_full_seed42,wsi_identity,calibra,,attenuation_slope,1.2275664529986827,n_draws=40;k=16
diagnostic_full_seed42,wsi_identity,calibra,,null_reference_p90,0.20175658016669842,n_draws=40;k=16
diagnostic_full_seed42,wsi_identity,calibra,,observed_above_floor,0.0,n_draws=40;k=16
diagnostic_full_seed42,wsi_identity,calibra,,baseline_recovered_median,0.10877427132183001,n_draws=40;k=16
diagnostic_full_seed42,wsi_identity,calibra,,baseline_is_null_like,1.0,n_draws=40;k=16
diagnostic_full_seed42,wsi_identity,calibra,,baseline_null_scale,0.059643207936565815,n_draws=40;k=16
diagnostic_full_seed42,wsi_identity,calibra,,observed_matched_direction,0.0033634846618980398,n_draws=40;k=16
diagnostic_full_seed42,wsi_identity,calibra,,permutation_null_median,0.1541888437785816,n_draws=40;k=16
diagnostic_full_seed42,wsi_identity,calibra,,permutation_null_p95,0.1722217385195672,n_draws=40;k=16
diagnostic_full_seed42,wsi_identity,calibra,,excess_over_null_median,0.44370386555215974,n_draws=40;k=16
diagnostic_full_seed42,wsi_identity,calibra,,permutation_p,0.0004997501249375312,n_draws=40;k=16
diagnostic_full_seed42,wsi_identity,calibra,,heldout_top_cca,0.5392731167768638,n_draws=40;k=16
diagnostic_full_seed42,wsi_identity,calibra_recovery,r_true=0,recovered_median,-0.05571008325452176,spike_recovery_curve
diagnostic_full_seed42,wsi_identity,calibra_recovery,r_true=0.01,recovered_median,-0.04497636064294584,spike_recovery_curve
diagnostic_full_seed42,wsi_identity,calibra_recovery,r_true=0.02,recovered_median,-0.033014700887435945,spike_recovery_curve
diagnostic_full_seed42,wsi_identity,calibra_recovery,r_true=0.03,recovered_median,-0.021031484620323608,spike_recovery_curve
diagnostic_full_seed42,wsi_identity,calibra_recovery,r_true=0.05,recovered_median,0.0029924293496448005,spike_recovery_curve
diagnostic_full_seed42,wsi_identity,calibra_recovery,r_true=0.075,recovered_median,0.03473228042385375,spike_recovery_curve
diagnostic_full_seed42,wsi_identity,calibra_recovery,r_true=0.1,recovered_median,0.06970673107226302,spike_recovery_curve
diagnostic_full_seed42,wsi_identity,calibra_recovery,r_true=0.15,recovered_median,0.13961893930354097,spike_recovery_curve
diagnostic_full_seed42,wsi_identity,calibra_recovery,r_true=0.2,recovered_median,0.20613349148930352,spike_recovery_curve
diagnostic_full_seed42,wsi_identity,calibra_recovery,r_true=0.3,recovered_median,0.3429151727456834,spike_recovery_curve
diagnostic_full_seed42,wsi_identity,calibra_recovery,r_true=0.4,recovered_median,0.4503428656606908,spike_recovery_curve
diagnostic_full_seed42,wsi_identity,calibra_recovery,r_true=0.5,recovered_median,0.556095751928614,spike_recovery_curve
diagnostic_full_seed42,wsi_identity,calibra_recovery,r_true=0.6,recovered_median,0.6638009408350196,spike_recovery_curve
diagnostic_identity_only_seed42,,calibra,,n_patients,2530.0,partition=test
diagnostic_identity_only_seed42,,calibra,,n_confound_columns,99.0,cancer+tss_pooled
diagnostic_identity_only_seed42,,calibra,,n_distinct_sites_kept,75.0,min_site_count=10
diagnostic_identity_only_seed42,full_identity,calibra,,effective_rank,176.29992079876834,n_draws=40;k=16
diagnostic_identity_only_seed42,full_identity,calibra,,unadjusted_top_cca,0.939473414271271,n_draws=40;k=16
diagnostic_identity_only_seed42,full_identity,calibra,,adjusted_top_cca,0.7960937140239595,n_draws=40;k=16
diagnostic_identity_only_seed42,full_identity,calibra,,detection_floor,0.3,n_draws=40;k=16
diagnostic_identity_only_seed42,full_identity,calibra,,transmission_floor,0.01,n_draws=40;k=16
diagnostic_identity_only_seed42,full_identity,calibra,,attenuation_slope,1.0329281152978353,n_draws=40;k=16
diagnostic_identity_only_seed42,full_identity,calibra,,null_reference_p90,0.18595104540917104,n_draws=40;k=16
diagnostic_identity_only_seed42,full_identity,calibra,,observed_above_floor,0.0,n_draws=40;k=16
diagnostic_identity_only_seed42,full_identity,calibra,,baseline_recovered_median,0.081725048607129,n_draws=40;k=16
diagnostic_identity_only_seed42,full_identity,calibra,,baseline_is_null_like,1.0,n_draws=40;k=16
diagnostic_identity_only_seed42,full_identity,calibra,,baseline_null_scale,0.059643207936565815,n_draws=40;k=16
diagnostic_identity_only_seed42,full_identity,calibra,,observed_matched_direction,0.013522155167901357,n_draws=40;k=16
diagnostic_identity_only_seed42,full_identity,calibra,,permutation_null_median,0.15608683614405744,n_draws=40;k=16
diagnostic_identity_only_seed42,full_identity,calibra,,permutation_null_p95,0.17552912919444885,n_draws=40;k=16
diagnostic_identity_only_seed42,full_identity,calibra,,excess_over_null_median,0.640006877879902,n_draws=40;k=16
diagnostic_identity_only_seed42,full_identity,calibra,,permutation_p,0.0004997501249375312,n_draws=40;k=16
diagnostic_identity_only_seed42,full_identity,calibra,,heldout_top_cca,0.7791662265918353,n_draws=40;k=16
diagnostic_identity_only_seed42,full_identity,calibra_recovery,r_true=0,recovered_median,0.004903831567295734,spike_recovery_curve
diagnostic_identity_only_seed42,full_identity,calibra_recovery,r_true=0.01,recovered_median,0.016647920245348634,spike_recovery_curve
diagnostic_identity_only_seed42,full_identity,calibra_recovery,r_true=0.02,recovered_median,0.029333164844948516,spike_recovery_curve
diagnostic_identity_only_seed42,full_identity,calibra_recovery,r_true=0.03,recovered_median,0.042024247304518654,spike_recovery_curve
diagnostic_identity_only_seed42,full_identity,calibra_recovery,r_true=0.05,recovered_median,0.06703648407303453,spike_recovery_curve
diagnostic_identity_only_seed42,full_identity,calibra_recovery,r_true=0.075,recovered_median,0.09761388370240179,spike_recovery_curve
diagnostic_identity_only_seed42,full_identity,calibra_recovery,r_true=0.1,recovered_median,0.12429385619137755,spike_recovery_curve
diagnostic_identity_only_seed42,full_identity,calibra_recovery,r_true=0.15,recovered_median,0.17680242736105245,spike_recovery_curve
diagnostic_identity_only_seed42,full_identity,calibra_recovery,r_true=0.2,recovered_median,0.22697606650962304,spike_recovery_curve
diagnostic_identity_only_seed42,full_identity,calibra_recovery,r_true=0.3,recovered_median,0.324748726002807,spike_recovery_curve
diagnostic_identity_only_seed42,full_identity,calibra_recovery,r_true=0.4,recovered_median,0.41902071348687786,spike_recovery_curve
diagnostic_identity_only_seed42,full_identity,calibra_recovery,r_true=0.5,recovered_median,0.5293151403583678,spike_recovery_curve
diagnostic_identity_only_seed42,full_identity,calibra_recovery,r_true=0.6,recovered_median,0.632003084410506,spike_recovery_curve
diagnostic_identity_only_seed42,rna_identity,calibra,,effective_rank,141.63573936657968,n_draws=40;k=16
diagnostic_identity_only_seed42,rna_identity,calibra,,unadjusted_top_cca,0.9500571866740473,n_draws=40;k=16
diagnostic_identity_only_seed42,rna_identity,calibra,,adjusted_top_cca,0.8444900952222696,n_draws=40;k=16
diagnostic_identity_only_seed42,rna_identity,calibra,,detection_floor,0.4,n_draws=40;k=16
diagnostic_identity_only_seed42,rna_identity,calibra,,transmission_floor,0.01,n_draws=40;k=16
diagnostic_identity_only_seed42,rna_identity,calibra,,attenuation_slope,1.0476726593677075,n_draws=40;k=16
diagnostic_identity_only_seed42,rna_identity,calibra,,null_reference_p90,0.20862806002527162,n_draws=40;k=16
diagnostic_identity_only_seed42,rna_identity,calibra,,observed_above_floor,0.0,n_draws=40;k=16
diagnostic_identity_only_seed42,rna_identity,calibra,,baseline_recovered_median,0.0885991181189349,n_draws=40;k=16
diagnostic_identity_only_seed42,rna_identity,calibra,,baseline_is_null_like,1.0,n_draws=40;k=16
diagnostic_identity_only_seed42,rna_identity,calibra,,baseline_null_scale,0.059643207936565815,n_draws=40;k=16
diagnostic_identity_only_seed42,rna_identity,calibra,,observed_matched_direction,0.02439636629090359,n_draws=40;k=16
diagnostic_identity_only_seed42,rna_identity,calibra,,permutation_null_median,0.15638075270200788,n_draws=40;k=16
diagnostic_identity_only_seed42,rna_identity,calibra,,permutation_null_p95,0.17581708115046632,n_draws=40;k=16
diagnostic_identity_only_seed42,rna_identity,calibra,,excess_over_null_median,0.6881093425202617,n_draws=40;k=16
diagnostic_identity_only_seed42,rna_identity,calibra,,permutation_p,0.0004997501249375312,n_draws=40;k=16
diagnostic_identity_only_seed42,rna_identity,calibra,,heldout_top_cca,0.8459850504765701,n_draws=40;k=16
diagnostic_identity_only_seed42,rna_identity,calibra_recovery,r_true=0,recovered_median,-0.01979905330039941,spike_recovery_curve
diagnostic_identity_only_seed42,rna_identity,calibra_recovery,r_true=0.01,recovered_median,-0.012518532093645673,spike_recovery_curve
diagnostic_identity_only_seed42,rna_identity,calibra_recovery,r_true=0.02,recovered_median,-0.005306570556232291,spike_recovery_curve
diagnostic_identity_only_seed42,rna_identity,calibra_recovery,r_true=0.03,recovered_median,0.0031150706117835706,spike_recovery_curve
diagnostic_identity_only_seed42,rna_identity,calibra_recovery,r_true=0.05,recovered_median,0.01997988648713006,spike_recovery_curve
diagnostic_identity_only_seed42,rna_identity,calibra_recovery,r_true=0.075,recovered_median,0.04016602688775839,spike_recovery_curve
diagnostic_identity_only_seed42,rna_identity,calibra_recovery,r_true=0.1,recovered_median,0.06474983425612879,spike_recovery_curve
diagnostic_identity_only_seed42,rna_identity,calibra_recovery,r_true=0.15,recovered_median,0.12485756318765337,spike_recovery_curve
diagnostic_identity_only_seed42,rna_identity,calibra_recovery,r_true=0.2,recovered_median,0.1842254576196981,spike_recovery_curve
diagnostic_identity_only_seed42,rna_identity,calibra_recovery,r_true=0.3,recovered_median,0.2917258813990178,spike_recovery_curve
diagnostic_identity_only_seed42,rna_identity,calibra_recovery,r_true=0.4,recovered_median,0.39947908138122473,spike_recovery_curve
diagnostic_identity_only_seed42,rna_identity,calibra_recovery,r_true=0.5,recovered_median,0.49368698107002806,spike_recovery_curve
diagnostic_identity_only_seed42,rna_identity,calibra_recovery,r_true=0.6,recovered_median,0.595563130569901,spike_recovery_curve
diagnostic_identity_only_seed42,wsi_identity,calibra,,effective_rank,191.07122558003888,n_draws=40;k=16
diagnostic_identity_only_seed42,wsi_identity,calibra,,unadjusted_top_cca,0.8477258119782939,n_draws=40;k=16
diagnostic_identity_only_seed42,wsi_identity,calibra,,adjusted_top_cca,0.5979120725130656,n_draws=40;k=16
diagnostic_identity_only_seed42,wsi_identity,calibra,,detection_floor,0.3,n_draws=40;k=16
diagnostic_identity_only_seed42,wsi_identity,calibra,,transmission_floor,0.01,n_draws=40;k=16
diagnostic_identity_only_seed42,wsi_identity,calibra,,attenuation_slope,1.2275592661174908,n_draws=40;k=16
diagnostic_identity_only_seed42,wsi_identity,calibra,,null_reference_p90,0.2017502645314482,n_draws=40;k=16
diagnostic_identity_only_seed42,wsi_identity,calibra,,observed_above_floor,0.0,n_draws=40;k=16
diagnostic_identity_only_seed42,wsi_identity,calibra,,baseline_recovered_median,0.1087472053513856,n_draws=40;k=16
diagnostic_identity_only_seed42,wsi_identity,calibra,,baseline_is_null_like,1.0,n_draws=40;k=16
diagnostic_identity_only_seed42,wsi_identity,calibra,,baseline_null_scale,0.059643207936565815,n_draws=40;k=16
diagnostic_identity_only_seed42,wsi_identity,calibra,,observed_matched_direction,0.003406801788374576,n_draws=40;k=16
diagnostic_identity_only_seed42,wsi_identity,calibra,,permutation_null_median,0.15418146416644835,n_draws=40;k=16
diagnostic_identity_only_seed42,wsi_identity,calibra,,permutation_null_p95,0.1722112490607463,n_draws=40;k=16
diagnostic_identity_only_seed42,wsi_identity,calibra,,excess_over_null_median,0.4437306083466172,n_draws=40;k=16
diagnostic_identity_only_seed42,wsi_identity,calibra,,permutation_p,0.0004997501249375312,n_draws=40;k=16
diagnostic_identity_only_seed42,wsi_identity,calibra,,heldout_top_cca,0.5392992595590528,n_draws=40;k=16
diagnostic_identity_only_seed42,wsi_identity,calibra_recovery,r_true=0,recovered_median,-0.055692012190263346,spike_recovery_curve
diagnostic_identity_only_seed42,wsi_identity,calibra_recovery,r_true=0.01,recovered_median,-0.04494537896235526,spike_recovery_curve
diagnostic_identity_only_seed42,wsi_identity,calibra_recovery,r_true=0.02,recovered_median,-0.03298371812230187,spike_recovery_curve
diagnostic_identity_only_seed42,wsi_identity,calibra_recovery,r_true=0.03,recovered_median,-0.021000518263656946,spike_recovery_curve
diagnostic_identity_only_seed42,wsi_identity,calibra_recovery,r_true=0.05,recovered_median,0.003023310936048887,spike_recovery_curve
diagnostic_identity_only_seed42,wsi_identity,calibra_recovery,r_true=0.075,recovered_median,0.03468232843054074,spike_recovery_curve
diagnostic_identity_only_seed42,wsi_identity,calibra_recovery,r_true=0.1,recovered_median,0.06965597402827803,spike_recovery_curve
diagnostic_identity_only_seed42,wsi_identity,calibra_recovery,r_true=0.15,recovered_median,0.1395672191528905,spike_recovery_curve
diagnostic_identity_only_seed42,wsi_identity,calibra_recovery,r_true=0.2,recovered_median,0.2060589880107765,spike_recovery_curve
diagnostic_identity_only_seed42,wsi_identity,calibra_recovery,r_true=0.3,recovered_median,0.34280863807469053,spike_recovery_curve
diagnostic_identity_only_seed42,wsi_identity,calibra_recovery,r_true=0.4,recovered_median,0.4503848579813703,spike_recovery_curve
diagnostic_identity_only_seed42,wsi_identity,calibra_recovery,r_true=0.5,recovered_median,0.5561344766422764,spike_recovery_curve
diagnostic_identity_only_seed42,wsi_identity,calibra_recovery,r_true=0.6,recovered_median,0.6638000221256727,spike_recovery_curve
diagnostic_programme_only_seed42,,calibra,,n_patients,2530.0,partition=test
diagnostic_programme_only_seed42,,calibra,,n_confound_columns,99.0,cancer+tss_pooled
diagnostic_programme_only_seed42,,calibra,,n_distinct_sites_kept,75.0,min_site_count=10
diagnostic_programme_only_seed42,full_biology,calibra,,effective_rank,38.710319195785296,n_draws=40;k=16
diagnostic_programme_only_seed42,full_biology,calibra,,unadjusted_top_cca,0.9399071798062187,n_draws=40;k=16
diagnostic_programme_only_seed42,full_biology,calibra,,adjusted_top_cca,0.9014289049506827,n_draws=40;k=16
diagnostic_programme_only_seed42,full_biology,calibra,,detection_floor,0.4,n_draws=40;k=16
diagnostic_programme_only_seed42,full_biology,calibra,,transmission_floor,0.01,n_draws=40;k=16
diagnostic_programme_only_seed42,full_biology,calibra,,attenuation_slope,0.9683467626086646,n_draws=40;k=16
diagnostic_programme_only_seed42,full_biology,calibra,,null_reference_p90,0.20205297595115806,n_draws=40;k=16
diagnostic_programme_only_seed42,full_biology,calibra,,observed_above_floor,0.0,n_draws=40;k=16
diagnostic_programme_only_seed42,full_biology,calibra,,baseline_recovered_median,0.13761721053834658,n_draws=40;k=16
diagnostic_programme_only_seed42,full_biology,calibra,,baseline_is_null_like,1.0,n_draws=40;k=16
diagnostic_programme_only_seed42,full_biology,calibra,,baseline_null_scale,0.059643207936565815,n_draws=40;k=16
diagnostic_programme_only_seed42,full_biology,calibra,,observed_matched_direction,-0.09068095761948082,n_draws=40;k=16
diagnostic_programme_only_seed42,full_biology,calibra,,permutation_null_median,0.15297449543880634,n_draws=40;k=16
diagnostic_programme_only_seed42,full_biology,calibra,,permutation_null_p95,0.1717072751624808,n_draws=40;k=16
diagnostic_programme_only_seed42,full_biology,calibra,,excess_over_null_median,0.7484544095118764,n_draws=40;k=16
diagnostic_programme_only_seed42,full_biology,calibra,,permutation_p,0.0004997501249375312,n_draws=40;k=16
diagnostic_programme_only_seed42,full_biology,calibra,,heldout_top_cca,0.8898962715956714,n_draws=40;k=16
diagnostic_programme_only_seed42,full_biology,calibra_recovery,r_true=0,recovered_median,-0.002342534571764001,spike_recovery_curve
diagnostic_programme_only_seed42,full_biology,calibra_recovery,r_true=0.01,recovered_median,0.007326616218990573,spike_recovery_curve
diagnostic_programme_only_seed42,full_biology,calibra_recovery,r_true=0.02,recovered_median,0.016996631240827093,spike_recovery_curve
diagnostic_programme_only_seed42,full_biology,calibra_recovery,r_true=0.03,recovered_median,0.027290119616423494,spike_recovery_curve
diagnostic_programme_only_seed42,full_biology,calibra_recovery,r_true=0.05,recovered_median,0.048430858322663244,spike_recovery_curve
diagnostic_programme_only_seed42,full_biology,calibra_recovery,r_true=0.075,recovered_median,0.07485609316275316,spike_recovery_curve
diagnostic_programme_only_seed42,full_biology,calibra_recovery,r_true=0.1,recovered_median,0.10127389775579766,spike_recovery_curve
diagnostic_programme_only_seed42,full_biology,calibra_recovery,r_true=0.15,recovered_median,0.1513601873422289,spike_recovery_curve
diagnostic_programme_only_seed42,full_biology,calibra_recovery,r_true=0.2,recovered_median,0.19536615748464164,spike_recovery_curve
diagnostic_programme_only_seed42,full_biology,calibra_recovery,r_true=0.3,recovered_median,0.28430319266181414,spike_recovery_curve
diagnostic_programme_only_seed42,full_biology,calibra_recovery,r_true=0.4,recovered_median,0.3785148665729012,spike_recovery_curve
diagnostic_programme_only_seed42,full_biology,calibra_recovery,r_true=0.5,recovered_median,0.47749835020633524,spike_recovery_curve
diagnostic_programme_only_seed42,full_biology,calibra_recovery,r_true=0.6,recovered_median,0.5906493253275193,spike_recovery_curve
diagnostic_programme_only_seed42,rna_biology,calibra,,effective_rank,30.3290322739212,n_draws=40;k=16
diagnostic_programme_only_seed42,rna_biology,calibra,,unadjusted_top_cca,0.947589560479636,n_draws=40;k=16
diagnostic_programme_only_seed42,rna_biology,calibra,,adjusted_top_cca,0.9107464319376075,n_draws=40;k=16
diagnostic_programme_only_seed42,rna_biology,calibra,,detection_floor,0.5,n_draws=40;k=16
diagnostic_programme_only_seed42,rna_biology,calibra,,transmission_floor,0.01,n_draws=40;k=16
diagnostic_programme_only_seed42,rna_biology,calibra,,attenuation_slope,0.9729176354430586,n_draws=40;k=16
diagnostic_programme_only_seed42,rna_biology,calibra,,null_reference_p90,0.24185272327687565,n_draws=40;k=16
diagnostic_programme_only_seed42,rna_biology,calibra,,observed_above_floor,0.0,n_draws=40;k=16
diagnostic_programme_only_seed42,rna_biology,calibra,,baseline_recovered_median,0.13070649752089147,n_draws=40;k=16
diagnostic_programme_only_seed42,rna_biology,calibra,,baseline_is_null_like,1.0,n_draws=40;k=16
diagnostic_programme_only_seed42,rna_biology,calibra,,baseline_null_scale,0.059643207936565815,n_draws=40;k=16
diagnostic_programme_only_seed42,rna_biology,calibra,,observed_matched_direction,-0.05903580519460243,n_draws=40;k=16
diagnostic_programme_only_seed42,rna_biology,calibra,,permutation_null_median,0.15411200442442174,n_draws=40;k=16
diagnostic_programme_only_seed42,rna_biology,calibra,,permutation_null_p95,0.17392685966027932,n_draws=40;k=16
diagnostic_programme_only_seed42,rna_biology,calibra,,excess_over_null_median,0.7566344275131858,n_draws=40;k=16
diagnostic_programme_only_seed42,rna_biology,calibra,,permutation_p,0.0004997501249375312,n_draws=40;k=16
diagnostic_programme_only_seed42,rna_biology,calibra,,heldout_top_cca,0.9038716380010684,n_draws=40;k=16
diagnostic_programme_only_seed42,rna_biology,calibra_recovery,r_true=0,recovered_median,0.02106146059881548,spike_recovery_curve
diagnostic_programme_only_seed42,rna_biology,calibra_recovery,r_true=0.01,recovered_median,0.029328750185465248,spike_recovery_curve
diagnostic_programme_only_seed42,rna_biology,calibra_recovery,r_true=0.02,recovered_median,0.037592509916383576,spike_recovery_curve
diagnostic_programme_only_seed42,rna_biology,calibra_recovery,r_true=0.03,recovered_median,0.04585352564040153,spike_recovery_curve
diagnostic_programme_only_seed42,rna_biology,calibra_recovery,r_true=0.05,recovered_median,0.06237046876038142,spike_recovery_curve
diagnostic_programme_only_seed42,rna_biology,calibra_recovery,r_true=0.075,recovered_median,0.08481141902905115,spike_recovery_curve
diagnostic_programme_only_seed42,rna_biology,calibra_recovery,r_true=0.1,recovered_median,0.10904741479895302,spike_recovery_curve
diagnostic_programme_only_seed42,rna_biology,calibra_recovery,r_true=0.15,recovered_median,0.16019618395542007,spike_recovery_curve
diagnostic_programme_only_seed42,rna_biology,calibra_recovery,r_true=0.2,recovered_median,0.21122926785102164,spike_recovery_curve
diagnostic_programme_only_seed42,rna_biology,calibra_recovery,r_true=0.3,recovered_median,0.31286781627281746,spike_recovery_curve
diagnostic_programme_only_seed42,rna_biology,calibra_recovery,r_true=0.4,recovered_median,0.4058529958683781,spike_recovery_curve
diagnostic_programme_only_seed42,rna_biology,calibra_recovery,r_true=0.5,recovered_median,0.5024649499516947,spike_recovery_curve
diagnostic_programme_only_seed42,rna_biology,calibra_recovery,r_true=0.6,recovered_median,0.6000282903943706,spike_recovery_curve
diagnostic_programme_only_seed42,wsi_biology,calibra,,effective_rank,32.05939849533399,n_draws=40;k=16
diagnostic_programme_only_seed42,wsi_biology,calibra,,unadjusted_top_cca,0.7917243079861013,n_draws=40;k=16
diagnostic_programme_only_seed42,wsi_biology,calibra,,adjusted_top_cca,0.5256744047394771,n_draws=40;k=16
diagnostic_programme_only_seed42,wsi_biology,calibra,,detection_floor,0.2,n_draws=40;k=16
diagnostic_programme_only_seed42,wsi_biology,calibra,,transmission_floor,0.01,n_draws=40;k=16
diagnostic_programme_only_seed42,wsi_biology,calibra,,attenuation_slope,1.1031695770797223,n_draws=40;k=16
diagnostic_programme_only_seed42,wsi_biology,calibra,,null_reference_p90,0.14249166251569956,n_draws=40;k=16
diagnostic_programme_only_seed42,wsi_biology,calibra,,observed_above_floor,0.0,n_draws=40;k=16
diagnostic_programme_only_seed42,wsi_biology,calibra,,baseline_recovered_median,0.06537736276997994,n_draws=40;k=16
diagnostic_programme_only_seed42,wsi_biology,calibra,,baseline_is_null_like,1.0,n_draws=40;k=16
diagnostic_programme_only_seed42,wsi_biology,calibra,,baseline_null_scale,0.059643207936565815,n_draws=40;k=16
diagnostic_programme_only_seed42,wsi_biology,calibra,,observed_matched_direction,-0.03160108712708399,n_draws=40;k=16
diagnostic_programme_only_seed42,wsi_biology,calibra,,permutation_null_median,0.15238093603556507,n_draws=40;k=16
diagnostic_programme_only_seed42,wsi_biology,calibra,,permutation_null_p95,0.17096456654073497,n_draws=40;k=16
diagnostic_programme_only_seed42,wsi_biology,calibra,,excess_over_null_median,0.37329346870391206,n_draws=40;k=16
diagnostic_programme_only_seed42,wsi_biology,calibra,,permutation_p,0.0004997501249375312,n_draws=40;k=16
diagnostic_programme_only_seed42,wsi_biology,calibra,,heldout_top_cca,0.4748091201769874,n_draws=40;k=16
diagnostic_programme_only_seed42,wsi_biology,calibra_recovery,r_true=0,recovered_median,-0.01261491225511616,spike_recovery_curve
diagnostic_programme_only_seed42,wsi_biology,calibra_recovery,r_true=0.01,recovered_median,-0.0003394335992227171,spike_recovery_curve
diagnostic_programme_only_seed42,wsi_biology,calibra_recovery,r_true=0.02,recovered_median,0.012722594828051957,spike_recovery_curve
diagnostic_programme_only_seed42,wsi_biology,calibra_recovery,r_true=0.03,recovered_median,0.025785783481407414,spike_recovery_curve
diagnostic_programme_only_seed42,wsi_biology,calibra_recovery,r_true=0.05,recovered_median,0.05190452100964036,spike_recovery_curve
diagnostic_programme_only_seed42,wsi_biology,calibra_recovery,r_true=0.075,recovered_median,0.08209285490465214,spike_recovery_curve
diagnostic_programme_only_seed42,wsi_biology,calibra_recovery,r_true=0.1,recovered_median,0.1118534166912523,spike_recovery_curve
diagnostic_programme_only_seed42,wsi_biology,calibra_recovery,r_true=0.15,recovered_median,0.1712336260783441,spike_recovery_curve
diagnostic_programme_only_seed42,wsi_biology,calibra_recovery,r_true=0.2,recovered_median,0.22256963845985622,spike_recovery_curve
diagnostic_programme_only_seed42,wsi_biology,calibra_recovery,r_true=0.3,recovered_median,0.3320425060853761,spike_recovery_curve
diagnostic_programme_only_seed42,wsi_biology,calibra_recovery,r_true=0.4,recovered_median,0.4395795183228227,spike_recovery_curve
diagnostic_programme_only_seed42,wsi_biology,calibra_recovery,r_true=0.5,recovered_median,0.5487109930860605,spike_recovery_curve
diagnostic_programme_only_seed42,wsi_biology,calibra_recovery,r_true=0.6,recovered_median,0.6469952765126862,spike_recovery_curve
